"","BUILDINGNA","BLOCK","ROAD","POSTALCODE","XCOORD","YCOORD"
"1","YISHUN NEIGHBOURHOOD PARK","NIL","NIL","NIL","28205.7514207744","46603.7013264713"
"2","NIL","NIL","YISHUN STREET 20","NIL","28260.732600041072","46554.16830009545"
"3","WOODLANDS WATERFRONT PARK","NIL","NIL","NIL","22078.7590028931","48285.5612141742"
"4","BEDOK RESERVOIR PARK","NIL","NIL","NIL","38241.5363126782","36081.0170359519"
"5","TEMASEK POLYTECHNIC (31 TEMASEK CULINARY ACADEMY)","35A","TAMPINES AVENUE 1","529770","38648.7191035","36538.890933"
"6","null","825","BEDOK RESERVOIR ROAD","479244","38847.3325882","36115.2786055"
"7","TEMASEK POLYTECHNIC (AMPHITHEATRE)","21","TAMPINES AVENUE 1","529757","38898.0998968","36275.889547"
"8","LENTOR GROVE PLAYGROUND","NIL","NIL","NIL","28558.3618303645","40924.8845762992"
"9","NIL","NIL","LENTOR GROVE","NIL","28552.28290004725","40927.228100016546"
"10","LENTOR ROAD PLAYGROUND","NIL","NIL","NIL","28473.5853248233","41137.910489676"
"11","LENTOR STREET PLAYGROUND","NIL","NIL","NIL","28108.0425991993","41335.3550042458"
"12","NIL","NIL","LENTOR STREET","NIL","28104.79760002014","41326.050100022294"
"13","LENTOR VILLAS","49","LENTOR CRESCENT","786716","28111.0585944","41317.2928006"
"14","LENTOR WALK PLAYGROUND","NIL","NIL","NIL","28563.2446809185","41170.4493999944"
"15","NIL","NIL","LENTOR WALK","NIL","28562.319300016567","41182.139700019914"
"16","FORT CANNING PARK","NIL","NIL","NIL","29479.5960778829","30754.344455322"
"17","WEST COAST PARK","NIL","NIL","NIL","20495.0416535198","30709.0997093298"
"18","NIL","NIL","DOBBIE RISE","NIL","29411.253599948766","30905.841899875384"
"19","THE FOOTHILLS FORT CANNING PARK","NIL","NIL","NIL","29385.5690010845","30500.3949116618"
"20","NIL","NIL","LEWIN TERRACE","NIL","29624.743500007004","30592.32129987084"
"21","NIL","NIL","JALAN BANGSAWAN","NIL","38063.97299997183","33713.243299914924"
"22","BANGSAWAN PARK","NIL","NIL","NIL","38069.6838419397","33715.750704886"
"23","EAST COAST TERRACE PARK","NIL","NIL","NIL","38070.3492687645","32588.9843155781"
"24","null","48","EAST COAST TERRACE","458948","38041.7007134","32555.7015499"
"25","null","33","EAST COAST AVENUE","459238","38055.5915689","32540.1387818"
"26","null","46","EAST COAST TERRACE","458947","38031.4856321","32590.5644255"
"27","null","44","EAST COAST TERRACE","458946","38023.0510044","32587.1863066"
"28","null","35","EAST COAST AVENUE","459240","38060.1534383","32528.9017323"
"29","FINLAND GARDENS","54","EAST COAST TERRACE","458949","38126.3179492","32587.580305"
"30","null","22","EAST COAST TERRACE","458935","38014.2020989","32545.7311248"
"31","FINLAND GARDENS","41","EAST COAST AVENUE","459246","38121.6885822","32536.3967207"
"32","null","20","EAST COAST TERRACE","458933","38004.4989097","32576.3799705"
"33","null","31","EAST COAST AVENUE","459236","38017.6337618","32526.0355964"
"34","GREENFIELD DRIVE PLAYGROUND","NIL","NIL","NIL","37385.6816262593","32815.1643087527"
"35","NIL","NIL","GREENFIELD DRIVE","NIL","37393.23710005691","32778.39529990139"
"36","JALAN BUROH PERINDU PLAYGROUND","NIL","NIL","NIL","37578.7166391598","32311.3852762474"
"37","CATHAY GARDEN","44","KERIS DRIVE","457003","37592.0725091","32325.5675621"
"38","SEASIDE PARK","53","JALAN BULOH PERINDU","457708","37602.7755103","32301.0530378"
"39","TANAH PUTEH PARK","NIL","NIL","NIL","38913.043449116","33127.9568442254"
"40","BEDOK TOWN PARK","NIL","NIL","NIL","38236.5104938665","35257.0356251724"
"41","BANYAN VILLAS PLAYGROUND","NIL","NIL","NIL","28614.9617048081","41024.6485975789"
"42","COUNTRYSIDE PLAYGROUND","NIL","NIL","NIL","28583.7993452801","41338.7635057714"
"43","NIL","NIL","COUNTRYSIDE LINK","NIL","28634.95979995512","41290.325700021516"
"44","FLORISSA PARK PLAYGROUND","NIL","NIL","NIL","28195.1557766088","40989.7159019523"
"45","NIL","NIL","FLORISSA PARK","NIL","28214.42959997023","40989.39010001721"
"46","NIL","NIL","FUDU WALK","NIL","28442.62889997833","41299.189800021704"
"47","FUDU WALK PLAYGROUND","NIL","NIL","NIL","28433.917213236","41307.6627674665"
"48","NIL","NIL","NEW PUNGGOL ROAD","NIL","36349.03309996558","43234.10350004869"
"49","PUNGGOL WATERWAY PARK","NIL","NIL","NIL","35957.2261038578","43564.6141126789"
"50","NIL","NIL","PUNGGOL DRIVE","NIL","36267.48660001954","43126.83910004677"
"51","NIL","NIL","LENTOR PLAIN","NIL","28606.43769996654","41022.385700017614"
"52","NIL","NIL","HARVEY CRESCENT","NIL","41569.3192000523","35856.22189994478"
"53","JANGGUS GARDEN","NIL","NIL","NIL","28409.2291241477","48791.6847312093"
"54","JALAN ANGIN LAUT PLAYGROUND","NIL","NIL","NIL","41678.6938959353","35481.7147688597"
"55","KANDIS GARDEN","NIL","NIL","NIL","28263.8281706428","48642.9558656945"
"56","SUNBIRD CIRCLE PLAYGROUND","NIL","NIL","NIL","41907.5644257357","35696.1792016274"
"57","JALAN PELATOK PLAYGROUND","NIL","NIL","NIL","42128.1835661507","36475.8458915181"
"58","MERA TERRACE PLAYGROUND","NIL","NIL","NIL","42482.9394252087","36593.4989003395"
"59","MERAGI ROAD PLAYGROUND","NIL","NIL","NIL","42123.335701636","36258.2272619878"
"60","NIL","NIL","MERAGI ROAD","NIL","42165.02949995895","36269.39339995089"
"61","YISHUN PARK","NIL","NIL","NIL","29019.8484621853","45138.1716746121"
"62","SAFRA YISHUN COUNTRY CLUB","60","YISHUN AVENUE 4","769027","28843.906441","45117.2013093"
"63","TIONG BAHRU PARK","NIL","NIL","NIL","26964.949085643","30035.158103393"
"64","NOVENA RISE PARK","NIL","NIL","NIL","29054.4934115819","34117.3907534491"
"65","UNIVERSITY ROAD PARK","NIL","NIL","NIL","26257.8412554936","34186.8790458775"
"66","NIL","NIL","WATTEN ESTATE ROAD","NIL","25209.793799971525","34898.397599931865"
"67","WATTEN HEIGHTS PLAYGROUND","NIL","NIL","NIL","25264.2893126377","34868.8131344506"
"68","BURGUNDY CRESCENT PLAYGROUND","NIL","NIL","NIL","19952.7031185842","35766.5056829448"
"69","WESTVILLE PLAYGROUND","NIL","NIL","NIL","13059.9768990805","37305.2887753628"
"70","WESTWOOD PARK PLAYGROUND","NIL","NIL","NIL","13281.9844429073","37095.4985049035"
"71","NIL","NIL","WESTWOOD CRESCENT","NIL","13303.254199979343","37080.185999962414"
"72","LAKESIDE GROVE FITNESS CORNER","NIL","NIL","NIL","15075.4873631492","35774.1510182784"
"73","LAKESIDE GROVE","79","CORPORATION RISE","618393","15114.7857636","35779.9273857"
"74","LAKESIDE GROVE","81","CORPORATION RISE","618395","15118.9342934","35784.059934"
"75","LAKESIDE GROVE","77","CORPORATION RISE","618391","15109.6055798","35776.3616658"
"76","LAKESIDE GROVE","75","CORPORATION RISE","618389","15104.8749361","35773.1384585"
"77","LAKESIDE GROVE","83","CORPORATION RISE","618397","15124.4127077","35787.1590123"
"78","LAKESIDE GROVE","73","CORPORATION RISE","618387","15099.4902012","35769.9016003"
"79","LAKESIDE GROVE","85","CORPORATION RISE","618399","15129.0035436","35790.6170992"
"80","LAKESIDE GROVE","71","CORPORATION RISE","618385","15094.7453618","35766.6977645"
"81","LAKESIDE GROVE","87","CORPORATION RISE","618401","15131.4600931","35798.4519365"
"82","LAKESIDE GROVE","69","CORPORATION RISE","618383","15089.361535","35763.4638424"
"83","LAKESIDE GROVE","67","CORPORATION RISE","618381","15084.4092086","35760.3587407"
"84","HOOPER ROAD PLAYGROUND","NIL","NIL","NIL","29089.6020119497","32738.3718576547"
"85","null","19","JALAN ARUAN","229134","29080.9494593","32784.3525276"
"86","null","17","JALAN ARUAN","229130","29080.2306855","32790.059677"
"87","null","15","JALAN ARUAN","229126","29079.4371801","32796.0985333"
"88","null","13","JALAN ARUAN","229122","29078.6297816","32802.1426561"
"89","null","18","JALAN ARUAN","229132","29037.8064137","32783.528512"
"90","null","11","JALAN ARUAN","229118","29077.8284367","32808.1912284"
"91","null","16","JALAN ARUAN","229128","29036.9289448","32790.8509124"
"92","null","20","MAKEPEACE ROAD","228645","29033.8156103","32734.052708"
"93","null","102","KAMPONG JAVA ROAD","228868","29116.1845403","32800.9954996"
"94","null","14","JALAN ARUAN","229124","29036.1950976","32796.8978199"
"95","WEST COAST PARK OFFICE","81","WEST COAST HIGHWAY","126759","20187.0408098","31175.5136673"
"96","BANYAN PARK","32","CHWEE CHIAN ROAD","119788","23089.6045451","29117.4533741"
"97","BANYAN PARK","34","CHWEE CHIAN ROAD","119789","23086.1458528","29112.9942342"
"98","BANYAN PARK","36","CHWEE CHIAN ROAD","119790","23082.2037809","29108.2023584"
"99","BANYAN PARK","38","CHWEE CHIAN ROAD","119791","23078.6248945","29103.6642191"
"100","null","47","CHWEE CHIAN ROAD","119757","23060.2285891","29148.5613549"
"101","null","43","CHWEE CHIAN ROAD","119755","23043.5903692","29149.2414463"
"102","BANYAN PARK","40","CHWEE CHIAN ROAD","119792","23076.4609758","29097.4482649"
"103","null","45","CHWEE CHIAN ROAD","119756","23047.8150836","29153.7388449"
"104","null","41","CHWEE CHIAN ROAD","119754","23040.1688763","29144.4563807"
"105","null","49","CHWEE CHIAN ROAD","119758","23055.3614065","29163.052697"
"106","BANYAN PARK","46","CHWEE CHIAN ROAD","119795","23067.2485517","29082.1418666"
"107","BANYAN PARK","30","CHWEE CHIAN ROAD","119787","23061.1636882","29062.2301037"
"108","BANYAN PARK","44","CHWEE CHIAN ROAD","119794","23070.8013774","29086.6385085"
"109","BANYAN PARK","28","CHWEE CHIAN ROAD","119786","23063.9790647","29057.1795577"
"110","BANYAN PARK","42","CHWEE CHIAN ROAD","119793","23072.8176791","29092.9784706"
"111","BANYAN PARK","26","CHWEE CHIAN ROAD","119785","23070.2564629","29053.583358"
"112","BANYAN PARK","24","CHWEE CHIAN ROAD","119784","23073.0405726","29048.5322066"
"113","KEW HUA SAN POH ERN SHIH TEMPLE","9","CHWEE CHIAN ROAD","117488","22992.782895","29018.9093547"
"114","CHWEE CHIAN VIEW","1","CHWEE CHIAN VIEW","119687","23024.4373037","29113.5487437"
"115","NIL","NIL","CHWEE CHIAN ROAD","NIL","23051.976100043612","29072.3134998503"
"116","WEST COAST GREEN PLAYGROUND","NIL","NIL","NIL","19425.2267760162","33101.4868307803"
"117","NIL","NIL","WEST COAST WAY","NIL","19406.633399995826","33101.17179990642"
"118","WEST COAST GARDENS","15","WEST COAST WAY","126997","19353.3264813","33105.3634427"
"119","WEST COAST GARDENS","17","WEST COAST WAY","126998","19344.2321024","33113.0449727"
"120","WEST COAST GARDENS","11","WEST COAST WAY","126994","19343.1759616","33086.4343603"
"121","WEST COAST GARDENS","2","WEST COAST AVENUE","128062","19374.9226272","33048.3801799"
"122","WEST COAST GARDENS","4","WEST COAST AVENUE","128063","19379.7738283","33044.7338564"
"123","WEST COAST GARDENS","6","WEST COAST AVENUE","128064","19385.6290486","33041.3390902"
"124","WEST COAST GARDENS","9","WEST COAST WAY","126992","19339.6215923","33073.8896431"
"125","WEST COAST GARDENS","8","WEST COAST AVENUE","128065","19386.1572855","33030.1952661"
"126","WEST COAST GARDENS","14","WEST COAST AVENUE","128068","19407.8480188","33026.2403605"
"127","WEST COAST GARDENS","16","WEST COAST AVENUE","128070","19409.039064","33014.7783896"
"128","PANDAN RESERVOIR FITNESS CORNER","NIL","NIL","NIL","18580.8237197594","33314.6237810342"
"129","null","62","SPRINGLEAF AVENUE","788471","26793.9525193","42477.5852647"
"130","null","64","SPRINGLEAF AVENUE","788472","26803.1110058","42476.1052814"
"131","null","66","SPRINGLEAF AVENUE","788473","26815.2796735","42481.0840317"
"132","null","60","SPRINGLEAF AVENUE","788470","26785.8119753","42475.3244582"
"133","null","58","SPRINGLEAF AVENUE","786219","26765.2756024","42467.0880253"
"134","SPRINGLEAF AVENUE PLAYGROUND","NIL","NIL","NIL","26791.4246899098","42527.6308917717"
"135","null","94","SPRINGLEAF AVENUE","788486","26840.3886005","42487.7034279"
"136","null","96","SPRINGLEAF AVENUE","788487","26848.0820258","42489.4534319"
"137","null","98","SPRINGLEAF AVENUE","788494","26863.2089652","42488.1401041"
"138","NIL","NIL","SPRINGLEAF AVENUE","NIL","26799.93340002044","42544.42670003865"
"139","SPRINGLEAF GARDEN","47","SPRINGLEAF GARDEN","788207","26794.661123","42294.7482098"
"140","SPRINGLEAF GARDEN","45","SPRINGLEAF GARDEN","788205","26775.2003229","42294.0447516"
"141","SPRINGLEAF GARDEN","43","SPRINGLEAF GARDEN","788203","26762.2989883","42292.4370979"
"142","SPRINGLEAF GARDEN","41","SPRINGLEAF GARDEN","788201","26754.3345435","42290.3411309"
"143","SPRINGLEAF GARDEN","47","SPRINGLEAF RISE","788026","26842.301416","42261.9841768"
"144","LOWER SELETAR RESERVOIR PARK","NIL","NIL","NIL","27870.8168257106","43558.3971861595"
"145","NIL","NIL","YISHUN AVENUE 1","NIL","27946.992999957987","43565.13670005291"
"146","AIDA PARK","NIL","NIL","NIL","38528.0239940086","33516.7415167813"
"147","OPERA ESTATE","35","AIDA STREET","459961","38487.0891298","33518.4129097"
"148","OPERA ESTATE","33A","AIDA STREET","459997","38480.9716071","33506.4095657"
"149","OPERA ESTATE","35A","AIDA STREET","459962","38473.046208","33522.1418951"
"150","OPERA ESTATE","33","AIDA STREET","459960","38484.3924946","33499.0602874"
"151","OPERA ESTATE","37","AIDA STREET","459963","38465.4645321","33535.8601625"
"152","null","12","BEDOK SOUTH ROAD","469275","38492.9060612","33578.6637225"
"153","OPERA ESTATE","31A","AIDA STREET","459959","38488.3444339","33489.201097"
"154","OPERA ESTATE","31","AIDA STREET","459958","38491.4412119","33482.841491"
"155","OPERA ESTATE","39","AIDA STREET","459964","38458.4885791","33551.3533445"
"156","NOVENA CHURCH","300","THOMSON ROAD","307653","29040.0795392","33770.4665779"
"157","ENG AUN PARK","28","JALAN NOVENA SELATAN","308583","29079.4228028","33821.4149496"
"158","ENG AUN PARK","26","JALAN NOVENA SELATAN","308581","29078.7540014","33830.2490541"
"159","ENG AUN PARK","24","JALAN NOVENA SELATAN","308579","29081.497552","33836.5539962"
"160","ENG AUN PARK","4","JALAN NOVENA","308641","29027.6330417","33833.975951"
"161","ENG AUN PARK","22","JALAN NOVENA SELATAN","308577","29091.3635223","33839.2526594"
"162","ENG AUN PARK","20","JALAN NOVENA SELATAN","308575","29086.8290152","33848.638973"
"163","RESIDENCES @ NOVENA","10","JALAN NOVENA","308675","29066.2204834","33866.9450495"
"164","ENG AUN PARK","18","JALAN NOVENA SELATAN","308573","29089.7801739","33854.6988655"
"165","null","2","JALAN NOVENA","308639","29011.231699","33843.6073747"
"166","WOODLANDS TOWN PARK EAST","NIL","NIL","NIL","21982.2949838117","46483.9071005747"
"167","MARSILING GREENVIEW","184A","WOODLANDS STREET 13","731184","21742.3278583","46423.9715642"
"168","null","134","MARSILING ROAD","730134","21776.8465566","46481.6214188"
"169","MARSILING GREENVIEW","184B","WOODLANDS STREET 13","732184","21797.7778662","46383.9552617"
"170","MARSILING GREENVIEW","184","WOODLANDS STREET 13","730184","21766.0246023","46389.3075493"
"171","MARSILING GREENVIEW","183A","WOODLANDS STREET 13","731183","21777.8972491","46346.5468185"
"172","CLEMENTI BIBLE CENTRE","152","WEST COAST ROAD","127370","20493.1868759","31673.7978975"
"173","CLEMENTI WOODS","NIL","NIL","NIL","20681.2177447501","31354.0336012893"
"174","NIL","NIL","WEST COAST ROAD","NIL","20574.35760003375","31484.558299883993"
"175","SHELFORD ROAD PLAYGROUND","NIL","NIL","NIL","25459.0585152583","34508.1697486241"
"176","GREENWOOD CRESCENT PLAYGROUND","NIL","NIL","NIL","24899.7567999858","35300.4694463029"
"177","NIL","NIL","GREENWOOD AVENUE","NIL","24883.216900016072","35303.40749993729"
"178","ORCHID VILLAGE PLAYGROUND","NIL","NIL","NIL","24489.836229816","35323.3931389891"
"179","TOA PAYOH TOWN PARK","NIL","NIL","NIL","29627.8842272648","34749.8668617192"
"180","OASIS@MULBERRY PARK","NIL","NIL","NIL","33020.6823357125","34999.6276606133"
"181","OASIS @ MULBERRY","74","BELIMBING AVENUE","349951","32998.4533829","35012.0263081"
"182","BUTTERFLY AVENUE PLAYGROUND","NIL","NIL","NIL","32900.5467479123","35184.5283044726"
"183","NIL","NIL","BUTTERFLY AVENUE","NIL","32907.432800014314","35183.48719993583"
"184","JURONG CENTRAL PARK","NIL","NIL","NIL","14030.8638923531","35556.4900617883"
"185","CARMICHAEL ROAD PLAYGROUND","NIL","NIL","NIL","31314.2974550025","36091.4414442141"
"186","NIL","NIL","CARMICHAEL ROAD","NIL","31294.44460004159","36079.80829994795"
"187","BINCHANG RISE PLAYGROUND","NIL","NIL","NIL","29145.9067822857","36757.8209512279"
"188","MARYMOUNT TERRACE PLAYGROUND","NIL","NIL","NIL","28779.1006372921","36822.9885841119"
"189","NIL","NIL","UPPER THOMSON ROAD","NIL","28159.358799982205","36874.259399959185"
"190","TAMAN PERMATA PARK","NIL","NIL","NIL","28183.733584864","36902.4240052619"
"191","NIL","NIL","JALAN PEMIMPIN","NIL","28778.60530000911","36879.3909999593"
"192","NIL","NIL","MARYMOUNT TERRACE","NIL","28774.13940003091","36886.313299959475"
"193","CLOVER WAY PLAYGROUND","NIL","NIL","NIL","29417.7407643012","36914.2061880682"
"194","BISHAN NEW TOWN","NIL","NIL","NIL","28964.4094128262","37438.5665664488"
"195","CHEMPAKA AVENUE PLAYGROUND","NIL","NIL","NIL","32707.2160196694","34897.4263938"
"196","OASIS @ MULBERRY","83","MULBERRY AVENUE","348454","33024.5138444","34915.7731816"
"197","OASIS @ MULBERRY","78","CHEMPAKA AVENUE","349690","33016.4004509","34940.510115"
"198","OASIS @ MULBERRY","81","MULBERRY AVENUE","348453","33018.5041968","34913.9413632"
"199","OASIS @ MULBERRY","75","CHEMPAKA AVENUE","349678","33002.6923837","34979.9232068"
"200","NIL","NIL","HOOPER ROAD","NIL","29110.335199973808","32758.87689990147"
"201","GENTLE DRIVE PLAYGROUND","NIL","NIL","NIL","28820.390988671","33625.1249028888"
"202","YUNNAN PARK","NIL","NIL","NIL","12374.7508867629","35522.0606837962"
"203","NIL","NIL","SERENADE WALK","NIL","28153.213700014174","40184.69250000609"
"204","SERENADE WALK PLAYGROUND","NIL","NIL","NIL","28147.5066293698","40192.8253674953"
"205","TEACHER'S ESTATE PLAYGROUND","NIL","NIL","NIL","27542.3178376641","40441.0213898141"
"206","THOMSON GREEN PLAYGROUND","NIL","NIL","NIL","27919.96043495","40074.4881632938"
"207","THOMSON WALK PLAYGROUND","NIL","NIL","NIL","27908.0549407661","39771.821039729"
"208","NIL","NIL","THOMSON WALK","NIL","27915.064600034955","39757.91510000017"
"209","JALAN MAS KUNING PLAYGROUND","NIL","NIL","NIL","20240.2725527373","32239.6094119624"
"210","NIL","NIL","JALAN MAS PUTEH","NIL","20061.428300034677","32359.66199989599"
"211","JALAN MAS PUTEH PLAYGROUND","NIL","NIL","NIL","20064.3433623203","32364.935204576"
"212","TAMAN MAS MERAH PLAYGROUND","NIL","NIL","NIL","20366.3030323199","32338.7093844555"
"213","SPRINGLEAF GARDEN PLAYGROUND","NIL","NIL","NIL","26777.2240172223","42214.3863228037"
"214","SPRINGSIDE PARK","NIL","NIL","NIL","26584.9745634129","43076.4764608583"
"215","THONG SOON GREEN PLAYGROUND","NIL","NIL","NIL","26330.7500960992","42433.2756591882"
"216","KALLANG RIVERSIDE PARK","NIL","NIL","NIL","31863.705888034","32094.8832581341"
"217","KAMPONG JAVA PARK","NIL","NIL","NIL","29359.3006508702","32576.7489632036"
"218","KING GEORGE?S HEIGHTS","818A","KING GEORGE'S AVENUE","201818","30905.7404556","32151.8322111"
"219","NIL","NIL","LEMBU ROAD","NIL","30389.134999966165","32463.96899989742"
"220","LEMBU ROAD OPEN SPACE","NIL","NIL","NIL","30388.3152122853","32450.5081897554"
"221","null","113","SYED ALWI ROAD","207681","30416.5134352","32445.6811521"
"222","NIL","NIL","BABOO LANE","NIL","30392.202899948585","32303.025599895453"
"223","ASIA STAR HOTEL","44","ROWELL ROAD","207995","30382.3203296","32313.2440131"
"224","LITTLE INDIA CONSERVATION AREA","42","ROWELL ROAD","207993","30377.8870386","32319.5224102"
"225","NIL","NIL","SOMME ROAD","NIL","30790.696799960435","32640.210899899623"
"226","SOMME ROAD PLAYGROUND","NIL","NIL","NIL","30764.8538207769","32646.4635425401"
"227","SINGAPORE BOTANIC GARDENS","NIL","NIL","NIL","26008.6704185429","32940.6250211661"
"228","NIL","NIL","LOWER RING ROAD","NIL","26131.690700037707","32456.49299989777"
"229","null","1D","CLUNY ROAD","259600","26093.7180316","33353.1427873"
"230","SINGAPORE ENVIRONMENT COUNCIL","1E","CLUNY ROAD","259601","26076.5190065","33410.0846133"
"231","SINGAPORE BOTANIC GARDENS (JACOB BALLAS CHILDREN'S GARDEN)","1H","CLUNY ROAD","259604","26407.656015","33771.7874727"
"232","null","224","BISHAN STREET 23","570224","29600.3357409","37890.8086399"
"233","BISHAN - ANG MO KIO PARK","NIL","NIL","NIL","29054.0344836484","38323.9155464671"
"234","null","237","BISHAN STREET 22","570237","29539.3140026","37943.2734376"
"235","KATONG PARK","NIL","NIL","NIL","33928.2416314413","31030.9785491945"
"236","TANJONG KATONG MRT STATION","2","AMBER ROAD","439846","35128.2119916","31297.7308216"
"237","null","434","TANJONG KATONG ROAD","437145","35077.4446829","31370.9870908"
"238","null","436","TANJONG KATONG ROAD","437146","35069.1464428","31360.5909767"
"239","null","432","TANJONG KATONG ROAD","437144","35076.7817233","31382.4274201"
"240","null","438","TANJONG KATONG ROAD","437148","35071.1709774","31334.4604145"
"241","null","430","TANJONG KATONG ROAD","437143","35086.4490751","31390.7482704"
"242","null","428","TANJONG KATONG ROAD","437142","35074.257888","31404.7616204"
"243","null","426","TANJONG KATONG ROAD","437141","35073.9945868","31410.8178808"
"244","null","424","TANJONG KATONG ROAD","437140","35072.7258135","31425.0896891"
"245","NIL","NIL","TANJONG KATONG ROAD","NIL","35111.11010000287","31419.416499882536"
"246","TANJONG KATONG ROAD SOUTH PLAYGROUND","NIL","NIL","NIL","35113.9196341646","31462.3810445437"
"247","EAST COAST PARK","NIL","NIL","NIL","38192.333499122","31866.1536276114"
"248","SKI 360Â° CABLE SKI PARK","1206A","EAST COAST PARKWAY","449891","38957.0860224","32004.0660333"
"249","SINGAPORE BOTANIC GARDENS (BOTANY CENTRE)","1","CLUNY ROAD","259569","26334.6091397","32240.554183"
"250","PASIR RIS PARK","NIL","NIL","NIL","41044.4894275185","40379.1542222409"
"251","null","161","PASIR RIS ROAD","519141","40550.9315462","40692.7842983"
"252","null","155","PASIR RIS ROAD","519138","40504.3062295","40725.448568"
"253","CSC @ LOYANG","159W","JALAN LOYANG BESAR","507020","42302.9571897","40316.274553"
"254","null","163","PASIR RIS ROAD","519142","40576.2864611","40681.9054703"
"255","NIL","NIL","PASIR RIS ROAD","NIL","40340.99139998742","40666.128000012846"
"256","NIL","NIL","ANG MO KIO AVENUE 1","NIL","28517.04770001546","38590.03509998347"
"257","NIL","NIL","CLOVER CRESCENT","NIL","29241.285300009255","36977.66379996074"
"258","CLOVER PARK","42","CLOVER CRESCENT","579207","29265.8153771","36964.0061263"
"259","CLOVER PARK","38","CLOVER CRESCENT","579205","29257.3398272","36950.1291033"
"260","CLOVER PARK","40","CLOVER CRESCENT","579206","29261.1032272","36954.9154704"
"261","CLOVER PARK","36","CLOVER CRESCENT","579204","29252.0425062","36946.9269928"
"262","CLOVER PARK","34","CLOVER CRESCENT","579203","29243.6805217","36944.2097148"
"263","CLOVER PARK","32","CLOVER CRESCENT","579202","29245.9744717","36935.5824314"
"264","CLOVER PARK","44","CLOVER CRESCENT","579208","29275.8431904","36968.9573329"
"265","CLOVER PARK","23","CLOVER CRESCENT","579197","29204.7254451","36947.580872"
"266","CLOVER PARK","62","CLOVER AVENUE","579345","29194.0660903","36961.6531841"
"267","CLOVER PARK","30","CLOVER CRESCENT","579201","29237.2843217","36927.1178687"
"268","CLOVER PARK","46","CLOVER CRESCENT","579209","29285.5660235","36973.6762931"
"269","CLOVER PARK","59","CLOVER AVENUE","579342","29211.8889385","37037.5762745"
"270","CLOVER PARK","61","CLOVER AVENUE","579344","29207.2796392","37042.0661667"
"271","CLOVER PARK","57","CLOVER AVENUE","579340","29190.3932218","37016.0120614"
"272","CLOVER PARK","91","CLOVER AVENUE","579363","29242.6051608","37062.6905287"
"273","CLOVER PARK","63","CLOVER AVENUE","579346","29202.9263161","37046.3147625"
"274","CLOVER PARK","55","CLOVER AVENUE","579338","29184.7991234","37019.0615002"
"275","LAUW AND SONS GARDEN","80","CLOVER AVENUE","579352","29274.7066882","37047.7322425"
"276","CLOVER PARK","89","CLOVER AVENUE","579361","29237.0541639","37067.0666738"
"277","CLOVER PARK","65","CLOVER AVENUE","579347","29198.1925851","37050.20099"
"278","CLOVER PARK","53","CLOVER AVENUE","579336","29180.2255402","37023.0312674"
"279","NIL","NIL","CLOVER AVENUE","NIL","29233.489699953065","37015.98749996078"
"280","LAUW AND SONS GARDEN","51","CLOVER CRESCENT","579212","29292.3934212","37032.1635418"
"281","CLOVER PARK","87","CLOVER AVENUE","579359","29233.9916493","37072.7688592"
"282","CLOVER CRESCENT PLAYGROUND","NIL","NIL","NIL","29237.7705668056","36998.3978719458"
"283","NIL","NIL","SOO CHOW WAY","NIL","27865.95830000865","37258.80169996418"
"284","SOO CHOW GARDEN","62","SOO CHOW DRIVE","575556","27829.2927535","37240.9919867"
"285","SOO CHOW GARDEN","60","SOO CHOW DRIVE","575555","27825.2405364","37245.8108011"
"286","NEW SOO CHOW GARDENS","25","SOO CHOW WAY","575322","27879.40812","37225.7608951"
"287","NEW SOO CHOW GARDENS","27","SOO CHOW WAY","575323","27874.2592938","37223.3528652"
"288","NEW SOO CHOW GARDENS","23","SOO CHOW WAY","575321","27885.5979832","37228.5917689"
"289","NEW SOO CHOW GARDENS","29","SOO CHOW WAY","575324","27868.0938266","37220.4674486"
"290","NEW SOO CHOW GARDENS","21","SOO CHOW WAY","575320","27890.7091863","37231.0537969"
"291","NEW SOO CHOW GARDENS","18","SOO CHOW WAY","575349","27895.3048953","37277.8969826"
"292","NEW SOO CHOW GARDENS","31","SOO CHOW WAY","575325","27862.9558667","37218.0747644"
"293","NEW SOO CHOW GARDENS","19","SOO CHOW WAY","575319","27896.9008353","37233.9498679"
"294","NEW SOO CHOW GARDENS","17","SOO CHOW WAY","575318","27902.0405811","37236.3185797"
"295","NEW SOO CHOW GARDENS","14","SOO CHOW WAY","575315","27907.1700963","37284.0264611"
"296","NEW SOO CHOW GARDENS","15","SOO CHOW WAY","575316","27914.6299436","37242.8739591"
"297","NEW SOO CHOW GARDENS","13","SOO CHOW WAY","575314","27919.9704266","37244.9426245"
"298","NEW SOO CHOW GARDENS","12","SOO CHOW WAY","575313","27913.0306438","37286.5642197"
"299","SOO CHOW WALK PLAYGROUND","NIL","NIL","NIL","27857.480685241","37308.6593786711"
"300","NEW SOO CHOW GARDENS","16","SOO CHOW WAY","575317","27898.2317488","37291.2392308"
"301","SOO CHOW GARDEN","58","SOO CHOW DRIVE","575554","27814.013445","37255.8126444"
"302","SOO CHOW GARDEN","56","SOO CHOW DRIVE","575553","27810.7597578","37261.4803546"
"303","SOO CHOW GARDEN","54","SOO CHOW DRIVE","575552","27805.2495017","37264.3041759"
"304","SOO CHOW GARDEN","52","SOO CHOW DRIVE","575551","27801.1105365","37268.9115986"
"305","SOO CHOW GARDEN","50","SOO CHOW DRIVE","575550","27796.740324","37273.164432"
"306","SOO CHOW GARDEN","48","SOO CHOW DRIVE","575549","27793.1694283","37278.2413111"
"307","SOO CHOW GARDEN","46","SOO CHOW DRIVE","575548","27789.0341256","37282.593605"
"308","SOO CHOW GARDEN","44","SOO CHOW DRIVE","575547","27783.6394931","37285.923053"
"309","NEW SOO CHOW GARDENS","10","SOO CHOW WAY","575311","27918.5684741","37288.9693137"
"310","NEW SOO CHOW GARDENS","8","SOO CHOW WAY","575309","27924.4734248","37291.4126664"
"311","NEW SOO CHOW GARDENS","6","SOO CHOW WAY","575307","27929.9990874","37293.8871043"
"312","NEW SOO CHOW GARDENS","4","SOO CHOW WAY","575305","27935.9608813","37296.2680142"
"313","SOO CHOW GARDEN","57","SOO CHOW GARDEN ROAD","575510","27802.6924322","37330.6539874"
"314","SOO CHOW GARDEN","61","SOO CHOW GARDEN ROAD","575512","27789.1293487","37326.3265132"
"315","SOO CHOW GARDEN","59","SOO CHOW GARDEN ROAD","575511","27792.7977677","37331.6713246"
"316","SOO CHOW GARDEN","55","SOO CHOW GARDEN ROAD","575509","27802.1304162","37339.5849494"
"317","SOO CHOW GARDEN","51","SOO CHOW GARDEN ROAD","575507","27811.3432338","37347.7377519"
"318","SOO CHOW GARDEN","49","SOO CHOW GARDEN ROAD","575506","27815.0037227","37352.6844182"
"319","SOO CHOW GARDEN","53","SOO CHOW GARDEN ROAD","575508","27805.3425455","37345.0708096"
"320","SOO CHOW GARDEN","47","SOO CHOW GARDEN ROAD","575505","27818.8068645","37357.398354"
"321","SOO CHOW GARDEN","45","SOO CHOW GARDEN ROAD","575504","27825.9122132","37355.952513"
"322","JALAN PINTAU PLAYGROUND","NIL","NIL","NIL","28740.0627003735","37338.4605792873"
"323","SOO CHOW GARDEN","63","SOO CHOW WALK","575367","27904.416981","37365.8878273"
"324","SOO CHOW GARDEN","61","SOO CHOW WALK","575366","27903.4787038","37376.9623074"
"325","SOO CHOW GARDEN","59","SOO CHOW WALK","575365","27891.7525237","37383.0603981"
"326","SOO CHOW GARDEN","57","SOO CHOW WALK","575364","27885.6625751","37384.8498716"
"327","THOMSON PARK","1","JALAN IKAN MERAH","578032","28123.7625817","37357.2718338"
"328","NIL","NIL","JALAN PINTAU","NIL","28719.74730003263","37368.61779996601"
"329","NIL","NIL","JALAN KELI","NIL","28110.649200044692","37373.708399966206"
"330","THOMSON PARK","3","JALAN IKAN MERAH","578034","28130.7178919","37368.3634154"
"331","THOMSON PARK","5","JALAN IKAN MERAH","578036","28133.7095794","37374.6308252"
"332","THOMSON PARK","7","JALAN IKAN MERAH","578038","28137.7346159","37381.0015396"
"333","THOMSON PARK","9","JALAN IKAN MERAH","578040","28139.8043104","37388.1323133"
"334","ZEH SHING KEONG TEMPLE","20","JALAN KELI","577905","28127.1202394","37399.7397824"
"335","THE INGLEWOOD","54","THE INGLEWOOD","575083","27666.5839683","38137.2678161"
"336","THE INGLEWOOD PLAYGROUND","NIL","NIL","NIL","27639.9126723838","38124.0599336828"
"337","ISLAND GARDENS WALK PLAYGROUND","NIL","NIL","NIL","27454.2533031738","38231.0144159166"
"338","NIL","NIL","FULTON AVENUE","NIL","28041.70030000857","38239.85709997871"
"339","FULTON AVENUE PLAYGROUND","NIL","NIL","NIL","28026.5989938556","38242.4955941208"
"340","null","26","JALAN REBANA","576996","27454.1589","38252.7150213"
"341","NIL","NIL","SIN MING AVENUE","NIL","28014.76759996184","38251.9792999788"
"342","PEARL'S HILL CITY PARK","NIL","NIL","NIL","28730.1508113321","29656.792940474"
"343","NIL","NIL","EAST COAST PARK SERVICE ROAD","NIL","35339.76369995239","31080.604999877785"
"344","EAST COAST PARK OFFICE","906","EAST COAST PARKWAY","449895","35574.2007432","31122.4880947"
"345","RAINTREE COVE","1018","EAST COAST PARKWAY","449877","37226.1729635","31608.5969377"
"346","HILLVIEW CRESCENT PLAYGROUND","NIL","NIL","NIL","19952.1884193536","37492.3808690286"
"347","CHU YEN PLAYGROUND","NIL","NIL","NIL","19725.9076565436","37857.2052374057"
"348","NIL","NIL","LORONG KEMUNCHUP","NIL","19957.789300015742","38049.17769997587"
"349","JALAN DERMAWAN PLAYGROUND","NIL","NIL","NIL","19686.4780121458","38077.9562919751"
"350","LORONG KEMUNCHUP PARK","NIL","NIL","NIL","19944.5837736968","38051.2632935312"
"351","HINDHEDE NATURE PARK","NIL","NIL","NIL","21623.6281173421","36923.5206288466"
"352","LABRADOR PARK","NIL","NIL","NIL","24629.7700118632","27590.1932977681"
"353","CHANGI BEACH PARK","NIL","NIL","NIL","46559.4216651278","40379.3810463719"
"354","PASIR RIS TOWN PARK","NIL","NIL","NIL","41254.468676471","39284.0228867479"
"355","PASIR RIS CENTRAL HAWKER CENTRE","110","PASIR RIS CENTRAL","519641","41160.0900947","39497.4541308"
"356","UPPER SELETAR RESERVOIR PARK","NIL","NIL","NIL","25014.4964861935","42470.8268606994"
"357","SUNGEI API API PARK","NIL","NIL","NIL","40548.8887593317","40097.5771095767"
"358","HENRY PARK","48","GROVE DRIVE","279088","22400.0696988","32760.3734137"
"359","NIL","NIL","HOLLAND GROVE VIEW","NIL","22224.115000014404","32809.58669990206"
"360","GROVE LANE PLAYGROUND","NIL","NIL","NIL","22528.5859733367","32885.5062529002"
"361","JALAN KEBAYA PLAYGROUND","NIL","NIL","NIL","22093.8959121073","32933.533446129"
"362","NIL","NIL","HOLLAND GROVE AVENUE","NIL","22094.069200037025","32926.60769990388"
"363","NIL","NIL","GROVE LANE","NIL","22535.897999993238","32939.342399904526"
"364","NIL","NIL","MOUNT SINAI PLAIN","NIL","22224.445200002676","33097.718799906615"
"365","MOUNT SINAI PLAIN PLAYGROUND","NIL","NIL","NIL","22197.2605678475","33106.0458598485"
"366","KINGS VILLE","33","KING'S DRIVE","266400","24967.8614526","33454.5509146"
"367","KING'S DRIVE PLAYGROUND","NIL","NIL","NIL","24966.7352266552","33484.2539704303"
"368","HOLLAND GREEN","59","HOLLAND GREEN","276175","22374.8892788","34313.9540744"
"369","HOLLAND GREEN PLAYGROUND","NIL","NIL","NIL","22378.9817826129","34340.2170206938"
"370","BUKIT BATOK NATURE PARK","NIL","NIL","NIL","20310.9342217775","36919.5384028864"
"371","THE FLOAT @ MARINA BAY","20","RAFFLES AVENUE","039805","30862.1697233","30177.2449028"
"372","YOUTH OLYMPIC PARK","NIL","NIL","NIL","31018.6964439817","30152.192400203"
"373","NIL","NIL","HILLVIEW CRESCENT","NIL","19956.047000010825","37494.127399967714"
"374","ANG MO KIO TOWN GARDEN WEST","NIL","NIL","NIL","29071.7762367919","39574.4658574552"
"375","null","979A","BUANGKOK CRESCENT","531979","33081.2241506","40161.3494221"
"376","BUANGKOK VALE","987B","BUANGKOK GREEN","532987","33004.0779309","40151.7492349"
"377","null","979B","BUANGKOK CRESCENT","532979","33125.7051925","40164.9219522"
"378","null","979C","BUANGKOK CRESCENT","533979","33189.9870651","40167.9698473"
"379","SUNGEI SERANGOON PARK","NIL","NIL","NIL","35958.0072754453","40608.8531440149"
"380","SENGKANG NEW TOWN","NIL","NIL","NIL","34024.9212193792","41478.0444428944"
"381","PUNGGOL PROMENADE RIVERSIDE WALK","NIL","NIL","NIL","37625.184241055","41883.0168427378"
"382","GELENGGANG PARK","NIL","NIL","NIL","27611.7485115586","39498.8107629583"
"383","ANG MO KIO TOWN GARDEN EAST","NIL","NIL","NIL","29909.5281210884","39189.7002736524"
"384","SHANGRI-LA PLAYGROUND","NIL","NIL","NIL","27899.2644464924","39234.4974858311"
"385","SEMBAWANG HILLS ESTATE","15","JALAN MENGKUDU","577395","27861.6233187","39270.1979623"
"386","SEMBAWANG HILLS ESTATE","17","JALAN MENGKUDU","577396","27868.5096179","39281.156728"
"387","SAINT NICHOLAS VIEW","1","SAINT NICHOLAS VIEW","567964","27923.5146259","39306.0627687"
"388","SEMBAWANG HILLS ESTATE","11","JALAN MENGKUDU","577394","27857.9395235","39258.7889301"
"389","SEMBAWANG HILLS ESTATE","19","JALAN MENGKUDU","577397","27871.6200467","39292.5589801"
"390","SAINT NICHOLAS VIEW","3","SAINT NICHOLAS VIEW","567966","27919.4877733","39310.2080295"
"391","null","10","TEBING LANE","828836","37357.3074895","41661.2673691"
"392","NIL","NIL","TEBING WALK","NIL","37407.65739996616","41665.57210002692"
"393","PUNGGOL WATERWAY","NIL","NIL","NIL","36526.5528589229","43043.1179513166"
"394","WATERWAY SUNRISE II","653","PUNGGOL DRIVE","820653","37659.6775036","42199.7689417"
"395","WATERWAY SUNRISE II","654D","PUNGGOL DRIVE","824654","37610.0768744","42267.3170626"
"396","WATERWAY SUNRISE I","655","PUNGGOL EAST","820655","37794.8392757","42341.967233"
"397","WATERWAY SUNRAY","658","PUNGGOL EAST","820658","37574.5811256","42420.7999242"
"398","WATERWAY PRIMARY SCHOOL","70","PUNGGOL DRIVE","828802","37493.0794339","42300.9820827"
"399","WATERWAY SUNRAY","658B","PUNGGOL EAST","822658","37540.6137587","42454.2081507"
"400","NIL","NIL","JALAN KURAS","NIL","27586.65919995963","39483.93289999648"
"401","NIL","NIL","ANG MO KIO AVENUE 6","NIL","29276.802099952813","39489.3678999965"
"402","null","300","NICOLL DRIVE","498989","45238.7823517","41533.8437886"
"403","null","50","ANCHORVALE STREET","544834","33813.6789675","42339.0794858"
"404","NIL","NIL","JALAN ANGIN LAUT","NIL","41675.985299958564","35487.86009993973"
"405","NIL","NIL","WATTEN PARK","NIL","25239.01479998247","34275.913599922394"
"406","LOWER PEIRCE RESERVOIR PARK","NIL","NIL","NIL","27252.6791687942","38998.4127824351"
"407","UPPER PEIRCE RESERVOIR PARK","NIL","NIL","NIL","25572.6071491064","39610.5564820565"
"408","NIL","NIL","UNNAMED ROAD","NIL","25532.60929996335","39625.3796999985"
"409","CENTRAL CATCHMENT NATURE RESERVE","NIL","NIL","NIL","24567.5317156161","39949.9892684"
"410","LEBAN PARK","NIL","NIL","NIL","27537.9714202031","39401.8751279085"
"411","NIL","NIL","JALAN GELENGGANG","NIL","27591.298699968695","39478.66039999575"
"412","HORTPARK - VISITOR SERVICE CENTRE","33","HYDERABAD ROAD","119578","24436.9604733","29024.0423205"
"413","HORTPARK","NIL","NIL","NIL","24231.8864415021","29058.3116809162"
"414","null","33","HYDERABAD ROAD","119578","24153.9792216","29041.0171203"
"415","KENT RIDGE PARK","NIL","NIL","NIL","23118.5813565086","29699.9452560828"
"416","KENT RIDGE HILL RESIDENCES","62","SOUTH BUONA VISTA ROAD","118173","23294.3333731","29291.8211445"
"417","KENT RIDGE HILL RESIDENCES","62A","SOUTH BUONA VISTA ROAD","117325","23254.3439487","29308.4071218"
"418","SAINT NICHOLAS VIEW","5","SAINT NICHOLAS VIEW","567968","27914.9856529","39314.7823997"
"419","SAINT NICHOLAS VIEW","7","SAINT NICHOLAS VIEW","567970","27911.0416741","39318.749927"
"420","SEMBAWANG HILLS ESTATE","21","JALAN MENGKUDU","577398","27876.3954568","39303.9394696"
"421","SEMBAWANG HILLS ESTATE","23","JALAN MENGKUDU","577399","27881.1590623","39315.2800356"
"422","SAINT NICHOLAS VIEW","9","SAINT NICHOLAS VIEW","567972","27906.5439122","39323.3304718"
"423","NIL","NIL","JALAN MENGKUDU","NIL","27914.56119997748","39287.4806999929"
"424","SAINT NICHOLAS VIEW","11","SAINT NICHOLAS VIEW","567974","27902.5986016","39327.2914612"
"425","SAINT NICHOLAS VIEW","2","SAINT NICHOLAS VIEW","567965","27955.6593457","39343.0206124"
"426","SAINT NICHOLAS VIEW","4","SAINT NICHOLAS VIEW","567967","27951.3644096","39346.1770788"
"427","SAINT NICHOLAS VIEW","6","SAINT NICHOLAS VIEW","567969","27945.2128656","39348.163839"
"428","SAINT NICHOLAS VIEW","8","SAINT NICHOLAS VIEW","567971","27939.933191","39349.849009"
"429","SHANGRI-LA PARK","1","SHANGRI-LA CLOSE","568245","27966.1305546","39237.7790146"
"430","SAINT NICHOLAS VIEW PLAYGROUND","NIL","NIL","NIL","27943.9485749746","39301.7970818043"
"431","SAINT NICHOLAS VIEW","10","SAINT NICHOLAS VIEW","567973","27933.7675422","39351.7897013"
"432","WELLINGTON PARK","44","ELLINGTON SQUARE","568955","28148.7083037","39290.6565465"
"433","WELLINGTON PARK","147","ELLINGTON SQUARE","569007","28107.3593322","39274.4547305"
"434","WELLINGTON PARK","145","ELLINGTON SQUARE","569006","28111.8177154","39271.5096254"
"435","WELLINGTON PARK","149","ELLINGTON SQUARE","569008","28095.9087723","39278.9637217"
"436","WELLINGTON PARK","151","ELLINGTON SQUARE","569009","28089.9417723","39282.0800225"
"437","WELLINGTON PARK","2","ELLINGTON SQUARE","568913","28076.3378876","39320.7375044"
"438","WELLINGTON PARK","42","ELLINGTON SQUARE","568953","28154.8475588","39300.1270354"
"439","WELLINGTON PARK","143","ELLINGTON SQUARE","569005","28117.4224077","39267.9480826"
"440","WELLINGTON PARK","141","ELLINGTON SQUARE","569004","28122.8414361","39265.9505167"
"441","WELLINGTON PARK","4","ELLINGTON SQUARE","568915","28084.3227027","39326.0680595"
"442","WELLINGTON PARK","6","ELLINGTON SQUARE","568917","28092.5468771","39337.009754"
"443","WELLINGTON PARK","8","ELLINGTON SQUARE","568919","28096.0893814","39342.2870073"
"444","WELLINGTON PARK","10","ELLINGTON SQUARE","568921","28112.3436216","39347.8797134"
"445","ELLINGTON SQUARE PLAYGROUND","NIL","NIL","NIL","28136.2260481717","39337.0428802756"
"446","WELLINGTON PARK","38","ELLINGTON SQUARE","568949","28165.9765819","39322.6230484"
"447","WELLINGTON PARK","40","ELLINGTON SQUARE","568951","28155.5697226","39316.453041"
"448","WELLINGTON PARK","12","ELLINGTON SQUARE","568923","28110.9873133","39362.5450055"
"449","WELLINGTON PARK","36","ELLINGTON SQUARE","568947","28172.0667726","39328.1412651"
"450","WELLINGTON PARK","14","ELLINGTON SQUARE","568925","28115.7485276","39369.9700446"
"451","WELLINGTON PARK","16","ELLINGTON SQUARE","568927","28119.5365052","39375.1929063"
"452","WELLINGTON PARK","34","ELLINGTON SQUARE","568945","28170.7257799","39339.6656788"
"453","WELLINGTON PARK","24","ELLINGTON SQUARE","568935","28148.7833985","39380.1723528"
"454","WELLINGTON PARK","26","ELLINGTON SQUARE","568937","28173.5645535","39361.9602887"
"455","WELLINGTON PARK","28","ELLINGTON SQUARE","568939","28178.7706467","39358.405314"
"456","WELLINGTON PARK","22","ELLINGTON SQUARE","568933","28143.6274897","39383.8759736"
"457","WELLINGTON PARK","30","ELLINGTON SQUARE","568941","28189.3589322","39356.8050759"
"458","WELLINGTON PARK","20","ELLINGTON SQUARE","568931","28132.247091","39391.7530348"
"459","WELLINGTON PARK","75","ELLINGTON SQUARE","568971","28185.2166679","39405.0032684"
"460","WELLINGTON PARK","77","ELLINGTON SQUARE","568972","28191.5186437","39402.4370579"
"461","WELLINGTON PARK","79","ELLINGTON SQUARE","568973","28195.3140672","39397.9230422"
"462","WELLINGTON PARK","73","ELLINGTON SQUARE","568970","28180.8454867","39408.4010312"
"463","NIL","NIL","ELLINGTON SQUARE","NIL","28166.157000030606","39376.0601999944"
"464","SEMBAWANG HILLS FOOD CENTRE","590","UPPER THOMSON ROAD","574419","27521.4142993","39369.6331922"
"465","ESSO UPPER THOMSON","594","UPPER THOMSON ROAD","574420","27514.749713","39450.8565396"
"466","SEMBAWANG HILLS ESTATE","6","JALAN KURAS","577724","27588.4891501","39413.7463874"
"467","SEMBAWANG HILLS ESTATE","4","JALAN KURAS","577723","27589.2047155","39406.2768846"
"468","SEMBAWANG HILLS ESTATE","8","JALAN KURAS","577725","27586.5973708","39420.9491081"
"469","SEMBAWANG HILLS ESTATE","2","JALAN KURAS","577722","27586.4893141","39399.1674195"
"470","SEMBAWANG HILLS ESTATE","10","JALAN KURAS","577726","27586.6856928","39428.920787"
"471","SEMBAWANG HILLS ESTATE","12","JALAN KURAS","577727","27591.3346735","39435.84931"
"472","SEMBAWANG HILLS ESTATE","14","JALAN KURAS","577728","27586.6327238","39443.8736249"
"473","SEMBAWANG HILLS ESTATE","16","JALAN KURAS","577729","27589.5998337","39453.6701606"
"474","NIL","NIL","VIGILANTE DRIVE","NIL","23245.164899963846","29567.421499857242"
"475","NIL","NIL","TANJONG RHU VIEW","NIL","32071.754600022756","31150.017199878894"
"476","DI TANJONG RHU","10","JALAN BATU","431010","33516.5333587","31599.0802901"
"477","KALLANG/WHAMPOA NEW TOWN","NIL","NIL","NIL","33590.1864120315","31443.4408614206"
"478","NIL","NIL","EAST COAST PARKWAY","NIL","37564.61430003301","31848.78469988896"
"479","VICTORIA JUNIOR COLLEGE","20","MARINE VISTA","449035","37620.7694937","31914.0841"
"480","MARINE TERRACE WALK","1","MARINE TERRACE","440001","37492.7093473","31907.0427379"
"481","GOODMAN ARTS CENTRE (BLK B)","90","GOODMAN ROAD","439053","33693.505235","31906.5623245"
"482","ETONHOUSE INTERNATIONAL SCHOOL & PRE-SCHOOL (BROADRICK)(School Compound)","NIL","NIL","NIL","34193.1241354722","32006.7262001014"
"483","OCEAN PARK","528","EAST COAST ROAD","458969","37467.6244531","32305.2092255"
"484","SAINT PATRICK'S SCHOOL","490","EAST COAST ROAD","429058","37357.010379","32300.3091719"
"485","THE AMBROSIA","108","LORONG N TELOK KURAU","425262","37303.9926458","32501.9410707"
"486","THE AMBROSIA","106","LORONG N TELOK KURAU","425261","37279.1585521","32503.0305365"
"487","THE AMBROSIA","NIL","NIL","NIL","37291.853795501","32520.4359240459"
"488","FRANKEL ESTATE","17","DUNBAR WALK","459297","37286.5792326","32647.6637055"
"489","null","15A","DUNBAR WALK","459295","37299.6180444","32640.5030875"
"490","FRANKEL ESTATE","NIL","NIL","NIL","37476.5364590535","33114.6207126425"
"491","LORONG 40 GEYLANG PLAYGROUND","NIL","NIL","NIL","34237.2662164011","32881.9023338431"
"492","FRANKEL ESTATE","16","FRANKEL STREET","458061","37064.5294903","33168.8425781"
"493","FRANKEL ESTATE","13","FRANKEL DRIVE","458107","37055.71394","33190.2618984"
"494","FRANKEL ESTATE","14","FRANKEL STREET","458055","37078.6966622","33175.1400137"
"495","FRANKEL ESTATE","11","FRANKEL DRIVE","458104","37069.7883709","33196.2381907"
"496","THE VERTE","118","LORONG H TELOK KURAU","426146","36979.4304184","33205.0027091"
"497","TELOK KURAU PARK","NIL","NIL","NIL","36999.2116844082","33103.2930714648"
"498","FRANKEL ESTATE","10","FRANKEL DRIVE","458103","37037.2478972","33224.7837748"
"499","KEMBANGAN ESTATE","NIL","NIL","NIL","36304.2908775043","33895.1824808046"
"500","KEMBANGAN ESTATE","50","LORONG MELAYU","416930","36600.3129351","33667.7275975"
"501","KEMBANGAN ESTATE","37","LORONG MYDIN","416829","36663.9005812","33678.8120661"
"502","null","93","EASTWOOD ROAD","486402","41950.4049774","33859.074163"
"503","null","35","EASTWOOD WAY","486446","41922.7472743","33872.5164773"
"504","EASTWOOD PARK PLAYGROUND","NIL","NIL","NIL","41828.7028318477","33932.0367024091"
"505","null","33","EASTWOOD WAY","486363","41883.0837452","33903.3717507"
"506","null","31","EASTWOOD WAY","486552","41866.8355586","33907.7593976"
"507","null","29","EASTWOOD WAY","486551","41865.9334516","33894.8957467"
"508","null","27","EASTWOOD WAY","486550","41857.3282941","33889.2567305"
"509","WATERWAY SUNBEAM","664B","PUNGGOL DRIVE","822664","37407.3788161","42437.7341952"
"510","PUNGGOL NEW TOWN","NIL","NIL","NIL","36300.1525544391","43005.0962105345"
"511","CANADIAN INTERNATIONAL SCHOOL (LAKESIDE CAMPUS)","7","JURONG WEST STREET 41","649414","16260.6400665","36323.068677"
"512","JURONGVILLE @ AVENUE 1","487","JURONG WEST AVENUE 1","640487","16194.9800926","36760.9440956"
"513","JURONGVILLE @ AVENUE 1","485","JURONG WEST AVENUE 1","640485","16194.9643835","36719.1459169"
"514","JURONGVILLE@AVE 1","NIL","NIL","NIL","16145.1176735374","36785.421268585"
"515","JURONGVILLE @ AVENUE 1","489","JURONG WEST AVENUE 1","640489","16194.6130933","36810.6454566"
"516","null","346","JALAN BOON LAY","619528","13859.2952544","34756.7234325"
"517","null","342","JALAN BOON LAY","619527","13863.7217351","34803.2100007"
"518","null","6A","WAN LEE ROAD","627938","13796.0473059","34776.453315"
"519","null","8","WAN LEE ROAD","627940","13806.5851347","34810.4178065"
"520","null","10","WAN LEE ROAD","627942","13806.7041484","34837.2027625"
"521","null","12","WAN LEE ROAD","627944","13812.7869537","34865.1508869"
"522","THE FURNITURE MALL","10","TOH GUAN ROAD","608838","18614.3485718","35037.0617065"
"523","CJ LOGISTICS BUILDING","20","TOH GUAN ROAD","608839","18552.189614","35088.9280533"
"524","NIL","NIL","JURONG WEST STREET 93","NIL","12530.812099986773","35491.855999939595"
"525","JURONG EAST NEW TOWN","NIL","NIL","NIL","17392.0528237773","35870.4615708055"
"526","NIL","NIL","JURONG WEST STREET 64","NIL","13654.717400035559","35516.838699940614"
"527","null","986B","JURONG WEST STREET 93","642986","12665.4638061","35483.855806"
"528","null","986C","JURONG WEST STREET 93","643986","12680.9583199","35459.8652811"
"529","BEDOK NEW TOWN","NIL","NIL","NIL","38289.2796214383","34703.624368217"
"530","null","4","CHANGI SOUTH LANE","486127","41072.692684","35000.4468369"
"531","null","2","CHANGI SOUTH LANE","486123","41039.5573839","35093.7511354"
"532","MISTRAL PARK","28B","JALAN ANGIN LAUT","489223","41617.1621344","35683.7427556"
"533","MISTRAL PARK","22","JALAN ANGIN LAUT","489207","41626.2467973","35662.9345762"
"534","MISTRAL PARK","28A","JALAN ANGIN LAUT","489222","41610.9103732","35681.2193743"
"535","MISTRAL PARK","30","JALAN ANGIN LAUT","489226","41603.1389776","35726.2660038"
"536","MISTRAL PARK","22A","JALAN ANGIN LAUT","489208","41620.1336937","35660.0783076"
"537","SUNBIRD PARK","181","SUNBIRD ROAD","487219","41708.1197561","35698.9758146"
"538","MISTRAL PARK","28","JALAN ANGIN LAUT","489221","41605.5961628","35678.9074149"
"539","SUNBIRD VIEW","183A","SUNBIRD ROAD","487221","41669.2896257","35730.6679674"
"540","MISTRAL PARK","30A","JALAN ANGIN LAUT","489227","41595.3419147","35716.9171922"
"541","MISTRAL PARK","38A","JALAN ANGIN LAUT","489244","41598.0960288","35741.6100252"
"542","MISTRAL PARK","62","HARVEY AVENUE","489532","41579.4116025","35804.3669059"
"543","MISTRAL PARK","40","JALAN ANGIN LAUT","489247","41587.9849483","35781.3719555"
"544","DOUBLE BAY RESIDENCES","19","SIMEI STREET 4","529885","41654.4448747","35852.2101457"
"545","MISTRAL PARK","60","HARVEY AVENUE","489531","41573.0960666","35801.6811369"
"546","MISTRAL PARK","40A","JALAN ANGIN LAUT","489248","41581.6369652","35778.3660117"
"547","MISTRAL PARK","58","HARVEY AVENUE","489530","41567.7447779","35799.401534"
"548","SIMEI MRT STATION","30","SIMEI STREET 3","529888","41361.2281713","36149.7527796"
"549","TAMPINES NEW TOWN","NIL","NIL","NIL","40352.6186623951","37282.9170394586"
"550","NIL","NIL","TAMPINES STREET 11","NIL","41096.63710001198","36472.69039995351"
"551","D'RESORT @ DOWNTOWN EAST","1","PASIR RIS CLOSE","519599","41558.3870978","40238.8784712"
"552","ZHENGHUA PARK","NIL","NIL","NIL","21638.5749304221","39853.2599538046"
"553","NIL","NIL","NETHERAVON ROAD","NIL","45010.4528000322","41426.872800022684"
"554","SEMBAWANG NEW TOWN","NIL","NIL","NIL","27027.3804039989","48100.5749044869"
"555","null","3A","TOH GUAN ROAD EAST","608834","18665.0489671","35556.7007939"
"556","null","255","JALAN BOON LAY","619524","14375.3114986","35542.7414722"
"557","null","13","EASTWOOD WAY","486357","41795.7907288","33974.3116414"
"558","null","15","EASTWOOD WAY","486358","41791.0816359","33969.3600414"
"559","null","17","EASTWOOD WAY","486159","41783.9465641","33960.4694265"
"560","null","11","EASTWOOD WAY","486124","41765.1815947","34000.4548556"
"561","null","9","EASTWOOD WAY","486125","41749.7364782","34005.6930026"
"562","null","7","EASTWOOD WAY","486404","41747.1076736","33992.2775966"
"563","null","54","EASTWOOD DRIVE","486143","41731.5936369","34019.393412"
"564","null","5","EASTWOOD WAY","486403","41740.291475","33985.9015853"
"565","null","19","EASTWOOD WAY","486160","41778.4761103","33955.8738083"
"566","null","56","EASTWOOD DRIVE","486144","41736.6953661","34024.1639186"
"567","null","55","EASTWOOD DRIVE","486146","41697.7356887","34059.5400483"
"568","null","53","EASTWOOD DRIVE","486145","41692.9161782","34054.8253256"
"569","null","51","EASTWOOD DRIVE","486360","41683.6625291","34051.1363848"
"570","null","49","EASTWOOD DRIVE","486359","41678.7130479","34046.5703989"
"571","null","52","EASTWOOD DRIVE","486562","41721.1102602","34011.353055"
"572","BEDOK PESARI","82","JALAN GREJA","488945","41674.0292893","34081.1942784"
"573","null","50","EASTWOOD DRIVE","486561","41716.9830087","34007.4217585"
"574","null","80","JALAN GREJA","488943","41664.6521771","34075.850254"
"575","BEDOK PESARI","59","TAMAN BEDOK","487102","41574.6016264","34153.0478082"
"576","RIA TOWNHOUSES","121","BEDOK RIA CRESCENT","489932","41536.0973611","34190.4249543"
"577","RIA TOWNHOUSES","119","BEDOK RIA CRESCENT","489931","41531.9973811","34194.0934037"
"578","RIA TOWNHOUSES","123","BEDOK RIA CRESCENT","489933","41540.4970849","34187.0594572"
"579","RIA TOWNHOUSES","125","BEDOK RIA CRESCENT","489934","41548.0550912","34186.688856"
"580","BEDOK RIA","109","BEDOK RIA CRESCENT","489920","41495.8551687","34221.5302413"
"581","BEDOK RIA","111","BEDOK RIA CRESCENT","489922","41499.6383337","34215.6367924"
"582","BEDOK RIA","97","BEDOK RIA CRESCENT","489913","41455.5964197","34254.5947445"
"583","BEDOK RIA","95","BEDOK RIA CRESCENT","489911","41451.1269281","34258.7473303"
"584","BEDOK RIA","99","BEDOK RIA CRESCENT","489914","41460.066335","34250.4419166"
"585","BEDOK RIA","93","BEDOK RIA CRESCENT","489909","41446.6577998","34262.9010057"
"586","BEDOK RIA","101","BEDOK RIA CRESCENT","489915","41464.5352212","34246.2888466"
"587","BEDOK RIA","91","BEDOK RIA CRESCENT","489907","41442.0080019","34267.2645896"
"588","BEDOK RIA","103","BEDOK RIA CRESCENT","489916","41469.2316621","34241.8828573"
"589","BEDOK RIA","105","BEDOK RIA CRESCENT","489917","41478.5504478","34232.8413868"
"590","BEDOK RIA","89","BEDOK RIA CRESCENT","489905","41434.1020348","34272.7170036"
"591","BEDOK RIA","107","BEDOK RIA CRESCENT","489918","41490.994645","34235.5073605"
"592","BEDOK RIA","79","BEDOK RIA CRESCENT","489895","41413.3712204","34301.2792957"
"593","BEDOK RIA","73","BEDOK RIA CRESCENT","489889","41388.7799667","34315.3316309"
"594","BEDOK RIA","71","BEDOK RIA CRESCENT","489887","41385.0859106","34320.1352204"
"595","BEDOK RIA","75","BEDOK RIA CRESCENT","489891","41398.490178","34304.2172575"
"596","BEDOK RIA","69","BEDOK RIA CRESCENT","489885","41381.3654912","34324.9692293"
"597","BEDOK RIA","77","BEDOK RIA CRESCENT","489893","41402.7300567","34299.67933"
"598","BEDOK RIA","67","BEDOK RIA CRESCENT","489883","41377.6450717","34329.8032079"
"599","BEDOK RIA","65","BEDOK RIA CRESCENT","489881","41373.9246824","34334.6369141"
"600","BEDOK RIA","63","BEDOK RIA CRESCENT","489879","41373.1377451","34341.7225583"
"601","BEDOK RIA","81","BEDOK RIA CRESCENT","489897","41418.360504","34297.5919893"
"602","NIL","NIL","BEDOK RIA CRESCENT","NIL","41351.70449998713","34412.06749992502"
"603","null","55","BEDOK RIA CRESCENT","489871","41297.4244724","34460.2589139"
"604","BEDOK RIA","45","BEDOK RIA CRESCENT","489861","41264.1887734","34494.6219136"
"605","STRATFORD COURT","41A","BEDOK RIA CRESCENT","489929","41259.5823797","34526.4436135"
"606","NEIGHBOURHOOD PARK","NIL","NIL","NIL","36605.4548620959","34553.4688607967"
"607","CSC @ CHANGI","2","NETHERAVON ROAD","508503","45019.3336886","41472.0493692"
"608","VILLAGE HOTEL CHANGI","1","NETHERAVON ROAD","508502","45007.9713599","41364.5947581"
"609","MEYERHOUSE","128","MEYER ROAD","437938","34691.8261513","31188.0194296"
"610","MEYER ROAD PLAYGROUND","NIL","NIL","NIL","34775.9786912702","31214.9016775149"
"611","VISTA 18","715","CLEMENTI WEST STREET 2","120715","20056.6213043","31721.7352708"
"612","VISTA 18","716","CLEMENTI WEST STREET 2","120716","20182.3427344","31585.0914269"
"613","CLEMENTI NEW TOWN","NIL","NIL","NIL","20514.2581377521","32638.4229808625"
"614","null","711","CLEMENTI WEST STREET 2","120711","19963.5192868","31908.6794489"
"615","null","705","CLEMENTI WEST STREET 2","120705","19912.7326066","31999.3494339"
"616","CLEMENTI ARCADE","41","SUNSET WAY","597071","20676.7729423","33977.3658928"
"617","FREESIA WOODS","63","SUNSET WAY","597088","20592.0446835","33964.8912763"
"618","CLEMENTI MEADOWS","305","CLEMENTI AVENUE 4","120305","20509.2569052","33809.6206363"
"619","NIL","NIL","BUSINESS PARK DRIVE","NIL","19024.81110003062","33873.739399917475"
"620","FABER CREST","50J","FABER HEIGHTS","129203","19709.3599961","33894.6760011"
"621","null","33","CHIN BEE CRESCENT","619901","14766.3529633","35541.283645"
"622","null","11","CHIN BEE DRIVE","619862","14835.488973","35548.8518517"
"623","null","249","JALAN BOON LAY","619523","14785.1812231","35629.1214246"
"624","null","3B","TOH GUAN ROAD EAST","608833","18674.805095","35622.3706654"
"625","null","338","JALAN BOON LAY","619526","14178.8385355","35566.366935"
"626","ST ODEC","15","CHIN BEE DRIVE","619863","14890.45209","35623.9904565"
"627","null","31","CORPORATION ROAD","649825","14866.5411093","35676.9188992"
"628","null","664B","JURONG WEST STREET 64","642664","13562.1005812","35614.298073"
"629","null","664A","JURONG WEST STREET 64","641664","13541.1578909","35708.5409212"
"630","MULTI STOREY CAR PARK","664","JURONG WEST STREET 64","640664","13514.912613","35742.9375789"
"631","LAKESIDE GROVE","49","CORPORATION RISE","618363","15035.2235232","35729.3259153"
"632","LAKESIDE GROVE","51","CORPORATION RISE","618365","15040.6870759","35732.4191519"
"633","LAKESIDE GROVE","47","CORPORATION RISE","618361","15030.3372113","35726.1103658"
"634","LAKESIDE GROVE","53","CORPORATION RISE","618367","15045.3931117","35735.6845528"
"635","LAKESIDE GROVE","55","CORPORATION RISE","618369","15050.8608716","35738.7823296"
"636","LAKESIDE GROVE","57","CORPORATION RISE","618371","15055.573294","35742.0523615"
"637","LAKESIDE GROVE","59","CORPORATION RISE","618373","15061.0435964","35745.1465364"
"638","LAKESIDE GROVE","61","CORPORATION RISE","618375","15065.7470898","35748.4129058"
"639","LAKESIDE GROVE","63","CORPORATION RISE","618377","15071.2117321","35751.5101378"
"640","LAKESIDE GROVE","65","CORPORATION RISE","618379","15075.6435097","35754.7179085"
"641","null","665A","JURONG WEST STREET 64","641665","13510.7646885","35806.597959"
"642","null","613","JURONG WEST STREET 62","640613","13237.3721826","35772.2583261"
"643","null","666A","JURONG WEST STREET 65","641666","13316.6181831","35770.6501276"
"644","NIL","NIL","JURONG WEST STREET 62","NIL","13416.9948999783","35840.54099994481"
"645","LAKESIDE GROVE","49","CORPORATION WALK","618452","15214.5143508","35878.5099665"
"646","LAKESIDE GROVE","51","CORPORATION WALK","618454","15220.6071446","35878.3159185"
"647","LAKESIDE GROVE","53","CORPORATION WALK","618455","15226.2929551","35878.9102303"
"648","LAKESIDE GROVE","55","CORPORATION WALK","618456","15232.6791667","35878.7746297"
"649","LAKESIDE GROVE","47","CORPORATION WALK","618450","15204.5445613","35871.874831"
"650","LAKESIDE GROVE","57","CORPORATION WALK","618457","15238.3657339","35879.1919647"
"651","LAKESIDE GROVE","45","CORPORATION WALK","618448","15200.0112648","35868.0906369"
"652","LAKESIDE GROVE","59","CORPORATION WALK","618458","15244.1284553","35879.6073322"
"653","LAKESIDE GROVE","43","CORPORATION WALK","618446","15195.3926429","35864.6991698"
"654","LAKEPOINT CONDOMINIUM","8","LAKEPOINT DRIVE","648926","15151.7683363","35918.2644811"
"655","LAKESIDE GROVE","41","CORPORATION WALK","618444","15190.4608382","35860.7217146"
"656","LAKESIDE GROVE","39","CORPORATION WALK","618442","15185.9182192","35857.2277904"
"657","LAKESIDE GROVE","37","CORPORATION WALK","618440","15180.9644702","35853.3076325"
"658","LAKESIDE GROVE","35","CORPORATION WALK","618438","15176.4395579","35850.0210441"
"659","LAKESIDE GROVE","33","CORPORATION WALK","618436","15168.1845707","35843.3675056"
"660","LAKEPOINT CONDOMINIUM","10","LAKEPOINT DRIVE","648927","15205.5121379","35999.3910617"
"661","YUAN CHING SECONDARY SCHOOL","103","YUAN CHING ROAD","618654","15488.8783984","36018.0484285"
"662","THE LAKEFRONT RESIDENCES","46","LAKESIDE DRIVE","648324","15319.372544","36085.2670824"
"663","NIL","NIL","LAKESIDE DRIVE","NIL","15509.57880001951","36102.917999948986"
"664","JURONG LAKE GARDENS WEST","NIL","NIL","NIL","16113.9410981603","35209.1933183298"
"665","null","106","YUAN CHING ROAD","619616","15602.884333","36162.8985282"
"666","null","309A","BUKIT BATOK STREET 31","651309","18593.1236417","37770.8446343"
"667","HONG KAH GREEN","309","BUKIT BATOK STREET 31","650309","18590.4605434","37817.6560991"
"668","HONG KAH GREEN","301","BUKIT BATOK STREET 31","650301","18577.4723095","37651.4359554"
"669","THE MADEIRA","50","BUKIT BATOK STREET 31","659442","18672.9778471","37766.7166564"
"670","BUKIT BATOK NEW TOWN","NIL","NIL","NIL","19005.3876082795","37049.5672820082"
"671","null","816","BUKIT BATOK WEST AVENUE 5","659089","18852.9042721","38824.288422"
"672","ESSO BUKIT BATOK","813","BUKIT BATOK WEST AVENUE 5","659084","18791.9654983","38748.764203"
"673","BUKIT BATOK DRIVING TEST CENTRE","815","BUKIT BATOK WEST AVENUE 5","659085","18778.4811721","38779.9973722"
"674","KEAT HONG COLOURS","812","CHOA CHU KANG AVENUE 7","680812","18229.562661","39387.7785458"
"675","NIL","NIL","BRICKLAND ROAD","NIL","17686.174499965764","39474.27499999574"
"676","CHOA CHU KANG NEW TOWN","NIL","NIL","NIL","18366.2526256323","40843.7247884465"
"677","null","485A","CHOA CHU KANG AVENUE 5","681485","17432.8321462","39624.0119864"
"678","null","485","CHOA CHU KANG AVENUE 5","680485","17363.7574292","39666.069834"
"679","NIL","NIL","CHOA CHU KANG AVENUE 5","NIL","17299.304999977227","39672.38269999828"
"680","BUKIT PANJANG PARK","NIL","NIL","NIL","20571.0535795493","40449.6011963206"
"681","NIL","NIL","KRANJI EXPRESSWAY","NIL","19075.064199987282","41214.07820001981"
"682","VILLA VERDE PARK","NIL","NIL","NIL","18996.5540077419","41444.4456874349"
"683","MWS NURSING HOME (YEW TEE)","51","CHOA CHU KANG NORTH 6","689581","18955.6515458","41943.8481451"
"684","KHATIB MRT STATION","201","YISHUN AVENUE 2","769092","27962.3108561","44352.5679936"
"685","WOODLANDS NEW TOWN","NIL","NIL","NIL","22975.4775479783","46740.6675031211"
"686","YISHUN NEW TOWN","NIL","NIL","NIL","28705.8589874373","45469.9292652448"
"687","null","171","WOODLANDS STREET 11","730171","21679.9344961","46187.2629163"
"688","null","154","WOODLANDS STREET 13","730154","21557.8846027","46266.0155184"
"689","NIL","NIL","WOODLANDS CLOSE","NIL","25015.932899958643","46432.447100093064"
"690","POLARIS @ WOODLANDS","101","WOODLANDS AVENUE 12","737719","25313.3413386","46819.0127008"
"691","NIL","NIL","SEMBAWANG CLOSE","NIL","25976.711799992336","47732.612200111544"
"692","NIL","NIL","ADMIRALTY ROAD WEST","NIL","21109.55600004986","47828.004700113415"
"693","EASTCREEK @ CANBERRA","NIL","NIL","NIL","27802.4872029354","48121.6294302293"
"694","NIL","NIL","ADMIRALTY DRIVE","NIL","25802.92230003453","48139.27280011714"
"695","EASTCREEK @ CANBERRA","102A","CANBERRA STREET","751102","27878.5864956","48091.166976"
"696","EASTCREEK @ CANBERRA","102","CANBERRA STREET","750102","27865.1394595","48161.9997786"
"697","null","60B","YUAN CHING ROAD","619674","16871.2172148","35156.316329"
"698","JAPANESE GARDEN","NIL","NIL","NIL","16651.0217421648","35267.1324729122"
"699","CHINESE GARDEN","NIL","NIL","NIL","16507.1934499725","35650.7451844729"
"700","null","70B","YUAN CHING ROAD","619629","16602.9138769","35704.5525392"
"701","null","70A","YUAN CHING ROAD","619676","16484.0806832","35663.2150998"
"702","JURONGVILLE @ AVENUE 1","490","JURONG WEST AVENUE 1","640490","16194.6797434","36856.4140077"
"703","CANAL","NIL","NIL","NIL","15954.6714866902","37311.2370952792"
"704","null","420","JURONG WEST STREET 42","640420","16187.1559096","36965.1362723"
"705","null","421","JURONG WEST STREET 42","640421","16206.7468016","36923.7678083"
"706","null","419","JURONG WEST STREET 42","640419","16187.1537606","37005.1777274"
"707","null","417","JURONG WEST STREET 42","640417","16206.3275597","37046.6939295"
"708","null","931","JURONG WEST STREET 42","649370","16239.7561566","37175.113932"
"709","NIL","NIL","BUKIT BATOK STREET 31","NIL","18605.213199996222","37744.058599971526"
"710","THE VISIONAIRE","202","CANBERRA DRIVE","767963","27289.8063515","47615.0752012"
"711","THE VISIONAIRE","184","CANBERRA DRIVE","767954","27291.864423","47586.9219204"
"712","PUNGGOL PARK","NIL","NIL","NIL","35264.511142623","39905.7306775784"
"713","NIL","NIL","BUKIT TIMAH EXPRESSWAY","NIL","21588.546500006458","40163.33900000525"
"714","null","70","YUAN CHING ROAD","619675","16295.5653243","35589.0823304"
"715","CONEY ISLAND PARK","NIL","NIL","NIL","38037.4399869926","43457.3646809597"
"716","MACRITCHIE RESERVOIR PARK","NIL","NIL","NIL","28035.6115424802","36087.2707208012"
"717","null","181","LORNIE ROAD","297732","27929.0655017","35978.2769335"
"718","NIL","NIL","RESERVOIR ROAD","NIL","28021.018199977003","35950.797199945846"
"719","WESTLAKE GARDENS","1","WESTLAKE AVENUE","574210","28402.2011539","36418.0378659"
"720","WESTLAKE GARDENS","2","WESTLAKE AVENUE","574211","28405.8474774","36382.0094006"
"721","WESTLAKE GARDENS","5","WESTLAKE AVENUE","574214","28424.6193782","36423.8554632"
"722","WESTLAKE GARDENS","4","WESTLAKE AVENUE","574213","28412.9388725","36382.7269032"
"723","WESTLAKE GARDENS","3","WESTLAKE AVENUE","574212","28409.0792203","36418.7547934"
